student_id,student_number,student_name,student_email
5000,100000,Archie Roberts,archie.roberts100000@example-school.org
5001,100001,Theo Patel,theo.patel100001@example-school.org
5002,100002,Thomas Jones,thomas.jones100002@example-school.org
5003,100003,Lucas Hughes,lucas.hughes100003@example-school.org
5004,100004,Henry Brown,henry.brown100004@example-school.org
5005,100005,William Thompson,william.thompson100005@example-school.org
5006,100006,Olivia Hall,olivia.hall100006@example-school.org
5007,100007,Charlie Clarke,charlie.clarke100007@example-school.org
5008,100008,Emily Roberts,emily.roberts100008@example-school.org
5009,100009,Evie Johnson,evie.johnson100009@example-school.org
5010,100010,Poppy Taylor,poppy.taylor100010@example-school.org
5011,100011,Noah Davies,noah.davies100011@example-school.org
5012,100012,Ruby Wright,ruby.wright100012@example-school.org
5013,100013,Olivia Davies,olivia.davies100013@example-school.org
5014,100014,Archie Brown,archie.brown100014@example-school.org
5015,100015,Sophia Patel,sophia.patel100015@example-school.org
5016,100016,Grace Roberts,grace.roberts100016@example-school.org
5017,100017,Harry Roberts,harry.roberts100017@example-school.org
5018,100018,Oscar Johnson,oscar.johnson100018@example-school.org
5019,100019,Jacob Patel,jacob.patel100019@example-school.org
5020,100020,Poppy Taylor,poppy.taylor100020@example-school.org
5021,100021,Theo Wilson,theo.wilson100021@example-school.org
5022,100022,Henry Davies,henry.davies100022@example-school.org
5023,100023,Harry Hughes,harry.hughes100023@example-school.org
5024,100024,Sophia Patel,sophia.patel100024@example-school.org
5025,100025,William Hall,william.hall100025@example-school.org
5026,100026,Jack Walker,jack.walker100026@example-school.org
5027,100027,Sophie Jones,sophie.jones100027@example-school.org
5028,100028,Jack Jones,jack.jones100028@example-school.org
5029,100029,Thomas Walker,thomas.walker100029@example-school.org
5030,100030,Sophia Patel,sophia.patel100030@example-school.org
5031,100031,Olivia Johnson,olivia.johnson100031@example-school.org
5032,100032,William Thomas,william.thomas100032@example-school.org
5033,100033,Emily Walker,emily.walker100033@example-school.org
5034,100034,Ava Edwards,ava.edwards100034@example-school.org
5035,100035,Sophia Hughes,sophia.hughes100035@example-school.org
5036,100036,Isla Patel,isla.patel100036@example-school.org
5037,100037,Isla Davies,isla.davies100037@example-school.org
5038,100038,Lucas Hall,lucas.hall100038@example-school.org
5039,100039,Henry Patel,henry.patel100039@example-school.org
5040,100040,Lucas Thomas,lucas.thomas100040@example-school.org
5041,100041,Leo Thomas,leo.thomas100041@example-school.org
5042,100042,Sophia Roberts,sophia.roberts100042@example-school.org
5043,100043,Jack Williams,jack.williams100043@example-school.org
5044,100044,Freya Edwards,freya.edwards100044@example-school.org
5045,100045,Olivia Jones,olivia.jones100045@example-school.org
5046,100046,Archie Brown,archie.brown100046@example-school.org
5047,100047,Isla Wilson,isla.wilson100047@example-school.org
5048,100048,Thomas White,thomas.white100048@example-school.org
5049,100049,Theo Taylor,theo.taylor100049@example-school.org
5050,100050,Sophia Thompson,sophia.thompson100050@example-school.org
5051,100051,Theo Hughes,theo.hughes100051@example-school.org
5052,100052,Freya Patel,freya.patel100052@example-school.org
5053,100053,Henry Smith,henry.smith100053@example-school.org
5054,100054,Jacob Brown,jacob.brown100054@example-school.org
5055,100055,Jacob Hall,jacob.hall100055@example-school.org
5056,100056,Ruby Patel,ruby.patel100056@example-school.org
5057,100057,Ruby Walker,ruby.walker100057@example-school.org
5058,100058,George Wright,george.wright100058@example-school.org
5059,100059,Leo Wilson,leo.wilson100059@example-school.org
5060,100060,Grace Smith,grace.smith100060@example-school.org
5061,100061,Lucas Patel,lucas.patel100061@example-school.org
5062,100062,Freya Wilson,freya.wilson100062@example-school.org
5063,100063,Freya Brown,freya.brown100063@example-school.org
5064,100064,Archie Wright,archie.wright100064@example-school.org
5065,100065,Sophie Green,sophie.green100065@example-school.org
5066,100066,Theo Johnson,theo.johnson100066@example-school.org
5067,100067,Isla Roberts,isla.roberts100067@example-school.org
5068,100068,Ruby Wilson,ruby.wilson100068@example-school.org
5069,100069,Henry Green,henry.green100069@example-school.org
5070,100070,William Smith,william.smith100070@example-school.org
5071,100071,Theo Walker,theo.walker100071@example-school.org
5072,100072,Arthur Smith,arthur.smith100072@example-school.org
5073,100073,George Roberts,george.roberts100073@example-school.org
5074,100074,Emily Wright,emily.wright100074@example-school.org
5075,100075,Jack Jones,jack.jones100075@example-school.org
5076,100076,Jack Thomas,jack.thomas100076@example-school.org
5077,100077,Olivia Taylor,olivia.taylor100077@example-school.org
5078,100078,Lucas Edwards,lucas.edwards100078@example-school.org
5079,100079,Sophie Taylor,sophie.taylor100079@example-school.org
5080,100080,Ruby Hall,ruby.hall100080@example-school.org
5081,100081,Ruby Williams,ruby.williams100081@example-school.org
5082,100082,Isla Edwards,isla.edwards100082@example-school.org
5083,100083,Henry Wilson,henry.wilson100083@example-school.org
5084,100084,Mia Green,mia.green100084@example-school.org
5085,100085,Archie Clarke,archie.clarke100085@example-school.org
5086,100086,Leo Johnson,leo.johnson100086@example-school.org
5087,100087,William Hall,william.hall100087@example-school.org
5088,100088,Ruby Johnson,ruby.johnson100088@example-school.org
5089,100089,Poppy Wright,poppy.wright100089@example-school.org
5090,100090,Sophia Roberts,sophia.roberts100090@example-school.org
5091,100091,Grace Green,grace.green100091@example-school.org
5092,100092,Grace Brown,grace.brown100092@example-school.org
5093,100093,Jack Davies,jack.davies100093@example-school.org
5094,100094,Olivia Walker,olivia.walker100094@example-school.org
5095,100095,Amelia Thomas,amelia.thomas100095@example-school.org
5096,100096,Henry Davies,henry.davies100096@example-school.org
5097,100097,Evie Davies,evie.davies100097@example-school.org
5098,100098,Amelia Taylor,amelia.taylor100098@example-school.org
5099,100099,Poppy Jones,poppy.jones100099@example-school.org
5100,100100,Jack Taylor,jack.taylor100100@example-school.org
5101,100101,Emily Jones,emily.jones100101@example-school.org
5102,100102,Archie Walker,archie.walker100102@example-school.org
5103,100103,Olivia Green,olivia.green100103@example-school.org
5104,100104,Jack Patel,jack.patel100104@example-school.org
5105,100105,Jacob Edwards,jacob.edwards100105@example-school.org
5106,100106,Ava Hall,ava.hall100106@example-school.org
5107,100107,Isla Thomas,isla.thomas100107@example-school.org
5108,100108,Evie Edwards,evie.edwards100108@example-school.org
5109,100109,Jack Edwards,jack.edwards100109@example-school.org
5110,100110,Thomas White,thomas.white100110@example-school.org
5111,100111,Ava Brown,ava.brown100111@example-school.org
5112,100112,George White,george.white100112@example-school.org
5113,100113,Oscar White,oscar.white100113@example-school.org
5114,100114,Leo Hughes,leo.hughes100114@example-school.org
5115,100115,Archie Jones,archie.jones100115@example-school.org
5116,100116,Jacob Brown,jacob.brown100116@example-school.org
5117,100117,Noah Thompson,noah.thompson100117@example-school.org
5118,100118,Lucas Walker,lucas.walker100118@example-school.org
5119,100119,Thomas Brown,thomas.brown100119@example-school.org
5120,100120,Jack Johnson,jack.johnson100120@example-school.org
5121,100121,Ava Hall,ava.hall100121@example-school.org
5122,100122,Grace Williams,grace.williams100122@example-school.org
5123,100123,Leo Wilson,leo.wilson100123@example-school.org
5124,100124,Mia Hughes,mia.hughes100124@example-school.org
5125,100125,Jack Taylor,jack.taylor100125@example-school.org
5126,100126,Grace Hall,grace.hall100126@example-school.org
5127,100127,George Jones,george.jones100127@example-school.org
5128,100128,Ella Hall,ella.hall100128@example-school.org
5129,100129,Sophie Smith,sophie.smith100129@example-school.org
5130,100130,Olivia Davies,olivia.davies100130@example-school.org
5131,100131,Harry White,harry.white100131@example-school.org
5132,100132,Arthur Edwards,arthur.edwards100132@example-school.org
5133,100133,Ava Thompson,ava.thompson100133@example-school.org
5134,100134,Emily Jones,emily.jones100134@example-school.org
5135,100135,Harry Thompson,harry.thompson100135@example-school.org
5136,100136,Amelia Thompson,amelia.thompson100136@example-school.org
5137,100137,Mia Hughes,mia.hughes100137@example-school.org
5138,100138,Charlie White,charlie.white100138@example-school.org
5139,100139,Poppy Hall,poppy.hall100139@example-school.org
5140,100140,Jacob Edwards,jacob.edwards100140@example-school.org
5141,100141,Isla Johnson,isla.johnson100141@example-school.org
5142,100142,Charlie Johnson,charlie.johnson100142@example-school.org
5143,100143,Noah Thomas,noah.thomas100143@example-school.org
5144,100144,Lucas Hall,lucas.hall100144@example-school.org
5145,100145,Noah Walker,noah.walker100145@example-school.org
5146,100146,Noah Jones,noah.jones100146@example-school.org
5147,100147,Evie Edwards,evie.edwards100147@example-school.org
5148,100148,Freya Green,freya.green100148@example-school.org
5149,100149,Harry Jones,harry.jones100149@example-school.org
5150,100150,Freya Taylor,freya.taylor100150@example-school.org
5151,100151,Archie Wilson,archie.wilson100151@example-school.org
5152,100152,Olivia Clarke,olivia.clarke100152@example-school.org
5153,100153,Olivia Davies,olivia.davies100153@example-school.org
5154,100154,Sophia Brown,sophia.brown100154@example-school.org
5155,100155,Emily Thomas,emily.thomas100155@example-school.org
5156,100156,Jack Thomas,jack.thomas100156@example-school.org
5157,100157,Theo Jones,theo.jones100157@example-school.org
5158,100158,Theo Taylor,theo.taylor100158@example-school.org
5159,100159,Leo Thomas,leo.thomas100159@example-school.org
5160,100160,Evie Green,evie.green100160@example-school.org
5161,100161,Lily Patel,lily.patel100161@example-school.org
5162,100162,Ava Walker,ava.walker100162@example-school.org
5163,100163,Jack Patel,jack.patel100163@example-school.org
5164,100164,Sophia Williams,sophia.williams100164@example-school.org
5165,100165,Jacob Wright,jacob.wright100165@example-school.org
5166,100166,Grace Walker,grace.walker100166@example-school.org
5167,100167,William Taylor,william.taylor100167@example-school.org
5168,100168,Amelia Hughes,amelia.hughes100168@example-school.org
5169,100169,Theo Thomas,theo.thomas100169@example-school.org
5170,100170,George Taylor,george.taylor100170@example-school.org
5171,100171,Henry Johnson,henry.johnson100171@example-school.org
5172,100172,Freya Patel,freya.patel100172@example-school.org
5173,100173,Isla Roberts,isla.roberts100173@example-school.org
5174,100174,Emily Taylor,emily.taylor100174@example-school.org
5175,100175,Emily Davies,emily.davies100175@example-school.org
5176,100176,Oscar Wright,oscar.wright100176@example-school.org
5177,100177,Harry Hughes,harry.hughes100177@example-school.org
5178,100178,Sophie Hall,sophie.hall100178@example-school.org
5179,100179,Poppy Wright,poppy.wright100179@example-school.org
5180,100180,Theo Green,theo.green100180@example-school.org
5181,100181,Amelia Hall,amelia.hall100181@example-school.org
5182,100182,Charlie Brown,charlie.brown100182@example-school.org
5183,100183,Emily Williams,emily.williams100183@example-school.org
5184,100184,Mia Brown,mia.brown100184@example-school.org
5185,100185,Emily Brown,emily.brown100185@example-school.org
5186,100186,Lucas Hall,lucas.hall100186@example-school.org
5187,100187,Isla Patel,isla.patel100187@example-school.org
5188,100188,Charlie Clarke,charlie.clarke100188@example-school.org
5189,100189,Ava Walker,ava.walker100189@example-school.org
5190,100190,Ava Patel,ava.patel100190@example-school.org
5191,100191,Freya Edwards,freya.edwards100191@example-school.org
5192,100192,Mia Jones,mia.jones100192@example-school.org
5193,100193,Olivia White,olivia.white100193@example-school.org
5194,100194,Sophie Patel,sophie.patel100194@example-school.org
5195,100195,Noah Smith,noah.smith100195@example-school.org
5196,100196,Lily Williams,lily.williams100196@example-school.org
5197,100197,Ella Patel,ella.patel100197@example-school.org
5198,100198,Harry Hughes,harry.hughes100198@example-school.org
5199,100199,Henry White,henry.white100199@example-school.org
5200,100200,Henry Smith,henry.smith100200@example-school.org
5201,100201,George Taylor,george.taylor100201@example-school.org
5202,100202,Emily Williams,emily.williams100202@example-school.org
5203,100203,Henry Jones,henry.jones100203@example-school.org
5204,100204,Sophie Roberts,sophie.roberts100204@example-school.org
5205,100205,Evie Hall,evie.hall100205@example-school.org
5206,100206,Isla White,isla.white100206@example-school.org
5207,100207,Isla Jones,isla.jones100207@example-school.org
5208,100208,Charlie Roberts,charlie.roberts100208@example-school.org
5209,100209,Emily Jones,emily.jones100209@example-school.org
5210,100210,Emily Roberts,emily.roberts100210@example-school.org
5211,100211,Ava Davies,ava.davies100211@example-school.org
5212,100212,Jacob Brown,jacob.brown100212@example-school.org
5213,100213,Oscar Hall,oscar.hall100213@example-school.org
5214,100214,Emily White,emily.white100214@example-school.org
5215,100215,Theo Williams,theo.williams100215@example-school.org
5216,100216,William Davies,william.davies100216@example-school.org
5217,100217,Archie Wilson,archie.wilson100217@example-school.org
5218,100218,Thomas Wilson,thomas.wilson100218@example-school.org
5219,100219,Emily White,emily.white100219@example-school.org
5220,100220,Amelia Wilson,amelia.wilson100220@example-school.org
5221,100221,Lucas Walker,lucas.walker100221@example-school.org
5222,100222,Thomas White,thomas.white100222@example-school.org
5223,100223,Thomas Davies,thomas.davies100223@example-school.org
5224,100224,Mia Wilson,mia.wilson100224@example-school.org
5225,100225,Thomas Brown,thomas.brown100225@example-school.org
5226,100226,Sophia Jones,sophia.jones100226@example-school.org
5227,100227,Archie Edwards,archie.edwards100227@example-school.org
5228,100228,Jack Johnson,jack.johnson100228@example-school.org
5229,100229,Sophie Hughes,sophie.hughes100229@example-school.org
5230,100230,Oscar Wright,oscar.wright100230@example-school.org
5231,100231,Sophie Davies,sophie.davies100231@example-school.org
5232,100232,Jack Smith,jack.smith100232@example-school.org
5233,100233,Jacob Johnson,jacob.johnson100233@example-school.org
5234,100234,Sophia Walker,sophia.walker100234@example-school.org
5235,100235,Mia Taylor,mia.taylor100235@example-school.org
5236,100236,Ruby Patel,ruby.patel100236@example-school.org
5237,100237,Oscar Green,oscar.green100237@example-school.org
5238,100238,Sophia Hall,sophia.hall100238@example-school.org
5239,100239,Lily Smith,lily.smith100239@example-school.org
5240,100240,George Patel,george.patel100240@example-school.org
5241,100241,Harry Thomas,harry.thomas100241@example-school.org
5242,100242,Mia Jones,mia.jones100242@example-school.org
5243,100243,George Clarke,george.clarke100243@example-school.org
5244,100244,Leo Roberts,leo.roberts100244@example-school.org
5245,100245,Lucas Walker,lucas.walker100245@example-school.org
5246,100246,Leo Clarke,leo.clarke100246@example-school.org
5247,100247,Freya Brown,freya.brown100247@example-school.org
5248,100248,Sophia Thomas,sophia.thomas100248@example-school.org
5249,100249,Ava Patel,ava.patel100249@example-school.org
